<?xml version="1.0" encoding="UTF-8"?>
<project-private xmlns="http://www.netbeans.org/ns/project-private/1">
    <editor-bookmarks xmlns="http://www.netbeans.org/ns/editor-bookmarks/2" lastBookmarkId="0"/>
    <open-files xmlns="http://www.netbeans.org/ns/projectui-open-files/2">
        <group>
            <file>file:/C:/Users/CRISTINA%20CALLE/Documents/NetBeansProjects/proyectoFinal/Restaurante/src/restaurante/Comienzo.java</file>
            <file>file:/C:/Users/CRISTINA%20CALLE/Documents/NetBeansProjects/proyectoFinal/Restaurante/src/modelo/Bebidas.java</file>
            <file>file:/C:/Users/CRISTINA%20CALLE/Documents/NetBeansProjects/proyectoFinal/Restaurante/src/controlador/CargarBase.java</file>
            <file>file:/C:/Users/CRISTINA%20CALLE/Documents/NetBeansProjects/proyectoFinal/Restaurante/src/restaurante/Menu.java</file>
            <file>file:/C:/Users/CRISTINA%20CALLE/Documents/NetBeansProjects/proyectoFinal/Restaurante/src/modelo/ConeccionBebida.java</file>
        </group>
    </open-files>
</project-private>
